{"type":"FeatureCollection","features":[{"type":"Feature","id":"429021","properties":{"name":"新华镇","cp":[110.842,31.6218],"childNum":0},"geometry":{"type":"Polygon","coordinates":[]}},{"type":"Feature","id":"429021","properties":{"name":"下谷坪土家族乡","cp":[110.113,31.4153],"childNum":0},"geometry":{"type":"Polygon","coordinates":[]}},{"type":"Feature","id":"429021","properties":{"name":"木鱼镇","cp":[110.312,31.3933],"childNum":0},"geometry":{"type":"Polygon","coordinates":[]}},{"type":"Feature","id":"429021","properties":{"name":"宋洛乡","cp":[110.59,31.7303],"childNum":0},"geometry":{"type":"Polygon","coordinates":[]}},{"type":"Feature","id":"429021","properties":{"name":"红坪镇","cp":[110.196,31.4718],"childNum":0},"geometry":{"type":"Polygon","coordinates":[]}},{"type":"Feature","id":"429021","properties":{"name":"松柏镇","cp":[110.609,31.7041],"childNum":0},"geometry":{"type":"Polygon","coordinates":[]}},{"type":"Feature","id":"429021","properties":{"name":"阳日镇","cp":[110.763,31.677],"childNum":0},"geometry":{"type":"Polygon","coordinates":[]}},{"type":"Feature","id":"429021","properties":{"name":"九湖镇","cp":[110.062,31.4095],"childNum":0},"geometry":{"type":"Polygon","coordinates":[]}}]}