{"type":"FeatureCollection","features":[{"type":"Feature","id":"429006","properties":{"name":"马湾镇","cp":[113.312,30.5993],"childNum":0},"geometry":{"type":"Polygon","coordinates":[]}},{"type":"Feature","id":"429006","properties":{"name":"横林镇","cp":[113.215,30.5643],"childNum":0},"geometry":{"type":"Polygon","coordinates":[]}},{"type":"Feature","id":"429006","properties":{"name":"沉湖管委会","cp":[113.444,30.4698],"childNum":0},"geometry":{"type":"Polygon","coordinates":[]}},{"type":"Feature","id":"429006","properties":{"name":"多祥镇","cp":[113.331,30.4446],"childNum":0},"geometry":{"type":"Polygon","coordinates":[]}},{"type":"Feature","id":"429006","properties":{"name":"黄潭镇","cp":[113.039,30.6922],"childNum":0},"geometry":{"type":"Polygon","coordinates":[]}},{"type":"Feature","id":"429006","properties":{"name":"干驿镇","cp":[113.451,30.503],"childNum":0},"geometry":{"type":"Polygon","coordinates":[]}},{"type":"Feature","id":"429006","properties":{"name":"胡市镇","cp":[113.422,30.802],"childNum":0},"geometry":{"type":"Polygon","coordinates":[]}},{"type":"Feature","id":"429006","properties":{"name":"小板镇","cp":[113.264,30.6151],"childNum":0},"geometry":{"type":"Polygon","coordinates":[]}},{"type":"Feature","id":"429006","properties":{"name":"蒋湖农场","cp":[112.802,30.6364],"childNum":0},"geometry":{"type":"Polygon","coordinates":[]}},{"type":"Feature","id":"429006","properties":{"name":"石家河镇","cp":[113.076,30.8211],"childNum":0},"geometry":{"type":"Polygon","coordinates":[]}},{"type":"Feature","id":"429006","properties":{"name":"岳口镇","cp":[113.105,30.5868],"childNum":0},"geometry":{"type":"Polygon","coordinates":[]}},{"type":"Feature","id":"429006","properties":{"name":"佛子山镇","cp":[112.974,30.7608],"childNum":0},"geometry":{"type":"Polygon","coordinates":[]}},{"type":"Feature","id":"429006","properties":{"name":"九真镇","cp":[113.206,30.8245],"childNum":0},"geometry":{"type":"Polygon","coordinates":[]}},{"type":"Feature","id":"429006","properties":{"name":"彭市镇","cp":[113.157,30.4315],"childNum":0},"geometry":{"type":"Polygon","coordinates":[]}},{"type":"Feature","id":"429006","properties":{"name":"多宝镇","cp":[112.614,30.7034],"childNum":0},"geometry":{"type":"Polygon","coordinates":[]}},{"type":"Feature","id":"429006","properties":{"name":"竟陵街道","cp":[113.183,30.7066],"childNum":0},"geometry":{"type":"Polygon","coordinates":[]}},{"type":"Feature","id":"429006","properties":{"name":"侨乡街道开发区","cp":[113.134,30.652],"childNum":0},"geometry":{"type":"Polygon","coordinates":[]}},{"type":"Feature","id":"429006","properties":{"name":"麻洋镇","cp":[113.309,30.5249],"childNum":0},"geometry":{"type":"Polygon","coordinates":[]}},{"type":"Feature","id":"429006","properties":{"name":"白茅湖农场","cp":[113.063,30.5868],"childNum":0},"geometry":{"type":"Polygon","coordinates":[]}},{"type":"Feature","id":"429006","properties":{"name":"杨林街道","cp":[113.265,30.6856],"childNum":0},"geometry":{"type":"Polygon","coordinates":[]}},{"type":"Feature","id":"429006","properties":{"name":"蒋场镇","cp":[112.927,30.646],"childNum":0},"geometry":{"type":"Polygon","coordinates":[]}},{"type":"Feature","id":"429006","properties":{"name":"汪场镇","cp":[112.979,30.638],"childNum":0},"geometry":{"type":"Polygon","coordinates":[]}},{"type":"Feature","id":"429006","properties":{"name":"净潭乡","cp":[113.451,30.6464],"childNum":0},"geometry":{"type":"Polygon","coordinates":[]}},{"type":"Feature","id":"429006","properties":{"name":"拖市镇","cp":[112.856,30.7135],"childNum":0},"geometry":{"type":"Polygon","coordinates":[]}},{"type":"Feature","id":"429006","properties":{"name":"渔薪镇","cp":[112.879,30.6744],"childNum":0},"geometry":{"type":"Polygon","coordinates":[]}},{"type":"Feature","id":"429006","properties":{"name":"皂市镇","cp":[113.223,30.7957],"childNum":0},"geometry":{"type":"Polygon","coordinates":[]}},{"type":"Feature","id":"429006","properties":{"name":"张港镇","cp":[112.801,30.5529],"childNum":0},"geometry":{"type":"Polygon","coordinates":[]}},{"type":"Feature","id":"429006","properties":{"name":"卢市镇","cp":[113.397,30.6596],"childNum":0},"geometry":{"type":"Polygon","coordinates":[]}}]}