{"type":"FeatureCollection","features":[{"type":"Feature","id":"429004","properties":{"name":"沙湖镇","cp":[113.6,30.1698],"childNum":0},"geometry":{"type":"Polygon","coordinates":[]}},{"type":"Feature","id":"429004","properties":{"name":"豆河镇","cp":[113,30.37],"childNum":0},"geometry":{"type":"Polygon","coordinates":[]}},{"type":"Feature","id":"429004","properties":{"name":"杨林尾镇","cp":[113.561,30.2014],"childNum":0},"geometry":{"type":"Polygon","coordinates":[]}},{"type":"Feature","id":"429004","properties":{"name":"长倘口镇","cp":[113.611,30.4752],"childNum":0},"geometry":{"type":"Polygon","coordinates":[]}},{"type":"Feature","id":"429004","properties":{"name":"胡场镇","cp":[113.29,30.4278],"childNum":0},"geometry":{"type":"Polygon","coordinates":[]}},{"type":"Feature","id":"429004","properties":{"name":"通海口镇","cp":[113.206,30.2722],"childNum":0},"geometry":{"type":"Polygon","coordinates":[]}},{"type":"Feature","id":"429004","properties":{"name":"畜禽良种场","cp":[113.751,30.1779],"childNum":0},"geometry":{"type":"Polygon","coordinates":[]}},{"type":"Feature","id":"429004","properties":{"name":"五湖渔场","cp":[113.783,30.161],"childNum":0},"geometry":{"type":"Polygon","coordinates":[]}},{"type":"Feature","id":"429004","properties":{"name":"干河街道","cp":[113.451,30.3772],"childNum":0},"geometry":{"type":"Polygon","coordinates":[]}},{"type":"Feature","id":"429004","properties":{"name":"沔城回族镇","cp":[113.201,30.1921],"childNum":0},"geometry":{"type":"Polygon","coordinates":[]}},{"type":"Feature","id":"429004","properties":{"name":"九合垸原种场","cp":[113.006,30.2473],"childNum":0},"geometry":{"type":"Polygon","coordinates":[]}},{"type":"Feature","id":"429004","properties":{"name":"西流河镇","cp":[113.761,30.297],"childNum":0},"geometry":{"type":"Polygon","coordinates":[]}},{"type":"Feature","id":"429004","properties":{"name":"沙湖原种场","cp":[113.643,30.1482],"childNum":0},"geometry":{"type":"Polygon","coordinates":[]}},{"type":"Feature","id":"429004","properties":{"name":"彭场镇","cp":[113.446,30.2518],"childNum":0},"geometry":{"type":"Polygon","coordinates":[]}},{"type":"Feature","id":"429004","properties":{"name":"龙华山街道","cp":[113.46,30.3649],"childNum":0},"geometry":{"type":"Polygon","coordinates":[]}},{"type":"Feature","id":"429004","properties":{"name":"陈场镇","cp":[113.111,30.2879],"childNum":0},"geometry":{"type":"Polygon","coordinates":[]}},{"type":"Feature","id":"429004","properties":{"name":"排湖风景区","cp":[113.223,30.2987],"childNum":0},"geometry":{"type":"Polygon","coordinates":[]}},{"type":"Feature","id":"429004","properties":{"name":"赵西垸林场","cp":[113.027,30.285],"childNum":0},"geometry":{"type":"Polygon","coordinates":[]}},{"type":"Feature","id":"429004","properties":{"name":"郭河镇","cp":[113.304,30.3027],"childNum":0},"geometry":{"type":"Polygon","coordinates":[]}},{"type":"Feature","id":"429004","properties":{"name":"郑场镇","cp":[112.979,30.4707],"childNum":0},"geometry":{"type":"Polygon","coordinates":[]}},{"type":"Feature","id":"429004","properties":{"name":"沙嘴街道","cp":[113.441,30.3596],"childNum":0},"geometry":{"type":"Polygon","coordinates":[]}},{"type":"Feature","id":"429004","properties":{"name":"三伏潭镇","cp":[113.207,30.3395],"childNum":0},"geometry":{"type":"Polygon","coordinates":[]}},{"type":"Feature","id":"429004","properties":{"name":"毛嘴镇","cp":[113.045,30.4188],"childNum":0},"geometry":{"type":"Polygon","coordinates":[]}},{"type":"Feature","id":"429004","properties":{"name":"张沟镇","cp":[113.438,30.2968],"childNum":0},"geometry":{"type":"Polygon","coordinates":[]}}]}